{
    "player": {
        "initial_stats": {
            "攻击力": 630,
            "异常精通": 118
        }
    },

    "equipment": [
        {
            "name": "霞落星殿",
            "slot": 0,
            "set": "音擎",
            "basic_stats": {
                "攻击力": 743
            },
            "stats": {
                "暴击率": 24
            }
        },
        {
            "name": "灼心摇壶",
            "slot": 0,
            "set": "音擎",
            "basic_stats": {
                "攻击力": 713
            },
            "stats": {
                "攻击力@": 30
            }
        },
        
        {
            "name": "1-1",
            "slot": 1,
            "set": "獠牙重金属",
            "stats": {
                "异常精通": 9,
                "攻击力@": 12
            }
        },
        {
            "name": "1-2",
            "slot": 1,
            "set": "獠牙重金属",
            "stats": {
                "异常精通": 18,
                "攻击力@": 6
            }
        },
        {
            "name": "2-1",
            "slot": 2,
            "set": "獠牙重金属",
            "stats": {
                "攻击力": 316,
                "攻击力@": 3,
                "异常精通": 27,
                "穿透值": 18
            }
        },
        {
            "name": "2-2",
            "slot": 2,
            "set": "激素朋克",
            "stats": {
                "攻击力": 316,
                "异常精通": 36,
                "攻击力@": 6
            }
        },
        {
            "name": "3-1",
            "slot": 3,
            "set": "獠牙重金属",
            "stats": {
                "攻击力": 57,
                "异常精通": 18,
                "攻击力@": 3
            }
        },
        {
            "name": "3-2",
            "slot": 3,
            "set": "自由蓝调",
            "stats": {
                "攻击力": 19,
                "攻击力@": 9
            }
        },
        {
            "name": "4-1",
            "slot": 4,
            "set": "自由蓝调",
            "stats": {
                "攻击力@": 22.5
            }
        },
        {
            "name": "4-2",
            "slot": 4,
            "set": "獠牙重金属",
            "stats": {
                "异常精通": 92,
                "攻击力@": 9,
                "穿透值": 9,
                "攻击力": 19
            }
        },
        {
            "name": "5-1",
            "slot": 5,
            "set": "自由蓝调",
            "stats": {
                "攻击力@": 3,
                "穿透值": 18
            }
        },
        {
            "name": "5-2",
            "slot": 5,
            "set": "獠牙重金属",
            "stats": {
                "攻击力@": 57
            }
        },

        {
            "name": "6-1",
            "slot": 6,
            "set": "激素朋克",
            "stats": {
                "能量自动回复": 60,
                "攻击力@": 3,
                "异常精通": 36,
                "穿透值": 9
            }
        },



        {
            "name": "shuodedaoli",
            "slot": 7,
            "set": "激素加成",
            "stats": {
                "攻击力@": 10
            }
        },
        {
            "name": "hamood",
            "slot": 8,
            "set": "蓝调加成",
            "stats": {
                "异常精通": 30
            }
        }
    ],

    "constraints": {
        "stat_constraints": {
            "攻击力": ">=2000",
            "异常精通": ">=330",
            "穿透值": ">=10"
        },
        "set_constraints": {
            "音擎": 1,
            "自由蓝调": 2,
            "蓝调加成": 1,
            "激素朋克": 2,
            "激素加成": 1,
            "獠牙重金属": 0
        }
    },

    "stats_to_show": ["暴击率"]
}